StudentID,FirstName,LastName,Email,Major
1,John,Doe,john.doe@example.com,Computer Science
2,Jane,Doe,jane.doe@example.com,Business
3,Jim,Beam,jim.beam@example.com,Mathematics
4,Alice,Johnson,alice.johnson@example.com,Computer Science
5,John,Smith,john.smith@example.com,Business
6,Bill,Chu,bill.chu@example.com,Mathematics
7,David,Small,david.small@example.com,Computer Science